Date,Day,Opponent1,Pts,Opponent1_Location,Opponent2,Pts,Notes
08/31/06,Arizona St.,35,"Away",Northern Arizona,14,
08/31/06,Ball State,38,"Away",Eastern Michigan,20,
08/31/06,Boise State,45,"Away",Sacramento State,0,
08/31/06,Boston College,31,"Home",Central Michigan,24,
08/31/06,Buffalo,9,"Away",Temple,3,
08/31/06,Connecticut,52,"Away",Rhode Island,7,
08/31/06,Iowa State,45,"Away",Toledo,43,
08/31/06,Louisiana-Monroe,24,"Away",Alcorn State,6,
08/31/06,Middle Tennessee State,7,"Away",Florida International,6,
08/31/06,Minnesota,44,"Home",Kent State,0,
08/31/06,New Mexico State,30,"Away",Southeastern Louisiana,15,
08/31/06,Northwestern,21,"Home",Miami (OH),3,
08/31/06,Oregon State,56,"Away",Eastern Washington,17,
08/31/06,South Carolina,15,"Home",Mississippi State,0,
08/31/06,Texas-El Paso,34,"Home",San Diego State,27,
08/31/06,Tulsa,45,"Away",Stephen F. Austin,7,
09/01/06,Fresno State,28,"Away",Nevada,19,
09/02/06,Alabama,25,"Away",Hawaii,17,
09/02/06,Arizona,16,"Away",Brigham Young,13,
09/02/06,Arkansas State,14,"Away",Army,6,
09/02/06,Auburn,40,"Away",Washington State,14,
09/02/06,Central Florida,35,"Away",Villanova,16,
09/02/06,Cincinnati,31,"Away",Eastern Kentucky,0,
09/02/06,Clemson,54,"Away",Florida Atlantic,6,
09/02/06,Colorado State,30,"Away",Weber State,6,
09/02/06,Florida,34,"Away",Southern Mississippi,7,
09/02/06,Georgia,48,"Away",Western Kentucky,12,
09/02/06,Houston,31,"Home",Rice,30,
09/02/06,Illinois,42,"Away",Eastern Illinois,17,
09/02/06,Indiana,39,"Away",Western Michigan,20,
09/02/06,Iowa,41,"Away",Montana,7,
09/02/06,Kansas,49,"Away",Northwestern State,18,
09/02/06,Kansas State,24,"Away",Illinois State,23,
09/02/06,Louisiana State,45,"Away",Louisiana-Lafayette,3,
09/02/06,Maryland,27,"Away",William & Mary,14,
09/02/06,Michigan,27,"Away",Vanderbilt,7,
09/02/06,Michigan State,27,"Away",Idaho,17,
09/02/06,Missouri,47,"Away",Murray State,7,
09/02/06,Montana State,19,"Home",Colorado,10,
09/02/06,Navy,28,"Away",East Carolina,23,
09/02/06,Nebraska,49,"Away",Louisiana Tech,10,
09/02/06,Nevada-Las Vegas,54,"Away",Idaho State,10,
09/02/06,North Carolina State,23,"Away",Appalachian State,10,
09/02/06,Notre Dame,14,"Home",Georgia Tech,10,
09/02/06,Ohio,29,"Away",Tennessee-Martin,3,
09/02/06,Ohio State,35,"Away",Northern Illinois,12,
09/02/06,Oklahoma,24,"Away",Alabama-Birmingham,17,
09/02/06,Oklahoma State,52,"Away",Missouri State,10,
09/02/06,Oregon,48,"Away",Stanford,10,
09/02/06,Penn State,34,"Away",Akron,16,
09/02/06,Pittsburgh,38,"Away",Virginia,13,
09/02/06,Portland State,17,"Home",New Mexico,6,
09/02/06,Purdue,60,"Away",Indiana State,35,
09/02/06,Richmond,13,"Home",Duke,0,
09/02/06,Rutgers,21,"Home",North Carolina,16,
09/02/06,South Florida,41,"Away",McNeese State,10,
09/02/06,Southern California,50,"Home",Arkansas,14,
09/02/06,Tennessee,35,"Away",California,18,
09/02/06,Texas,56,"Away",North Texas,7,
09/02/06,Texas A&M,35,"Away",Citadel,3,
09/02/06,Texas Tech,35,"Away",Southern Methodist,3,
09/02/06,Troy,38,"Away",Alabama State,0,
09/02/06,UCLA,31,"Away",Utah,10,
09/02/06,Virginia Tech,38,"Away",Northeastern,0,
09/02/06,Wake Forest,20,"Away",Syracuse,10,
09/02/06,Washington,35,"Away",San Jose State,29,
09/02/06,West Virginia,42,"Away",Marshall,10,
09/02/06,Wisconsin,35,"Home",Bowling Green State,14,Cleveland OH
09/02/06,Wyoming,38,"Away",Utah State,7,
09/03/06,Louisville,59,"Away",Kentucky,28,
09/03/06,Mississippi,28,"Away",Memphis,25,
09/03/06,Texas Christian,17,"Home",Baylor,7,
09/04/06,Florida State,13,"Home",Miami (FL),10,
09/07/06,Boise State,42,"Away",Oregon State,14,
09/08/06,Pittsburgh,33,"Home",Cincinnati,15,
09/09/06,Akron,20,"Home",North Carolina State,17,
09/09/06,Alabama,13,"Away",Vanderbilt,10,
09/09/06,Alabama-Birmingham,17,"Away",East Carolina,12,
09/09/06,Arizona St.,52,"Away",Nevada,21,
09/09/06,Arkansas,20,"Away",Utah State,0,
09/09/06,Army,17,"Away",Kent State,14,
09/09/06,Auburn,34,"Home",Mississippi State,0,
09/09/06,Baylor,47,"Away",Northwestern State,10,
09/09/06,Boston College,34,"Away",Clemson,33,
09/09/06,Bowling Green State,48,"Away",Buffalo,40,
09/09/06,Brigham Young,49,"Away",Tulsa,24,
09/09/06,California,42,"Away",Minnesota,17,
09/09/06,Colorado State,14,"Away",Colorado,10,Denver CO
09/09/06,Florida,42,"Away",Central Florida,0,
09/09/06,Florida State,24,"Away",Troy,17,
09/09/06,Georgia,18,"Home",South Carolina,0,
09/09/06,Georgia Tech,38,"Away",Samford,6,
09/09/06,Houston,45,"Away",Tulane,7,
09/09/06,Indiana,24,"Home",Ball State,23,
09/09/06,Iowa,20,"Home",Syracuse,13,
09/09/06,Iowa State,16,"Away",Nevada-Las Vegas,10,
09/09/06,Kansas,21,"Away",Louisiana-Monroe,19,
09/09/06,Kansas State,45,"Away",Florida Atlantic,0,
09/09/06,Kentucky,41,"Away",Texas State,7,
09/09/06,Louisiana State,45,"Away",Arizona,3,
09/09/06,Louisville,62,"Home",Temple,0,
09/09/06,Marshall,54,"Away",Hofstra,31,
09/09/06,Maryland,24,"Away",Middle Tennessee State,10,
09/09/06,Memphis,33,"Away",Chattanooga,14,
09/09/06,Miami (FL),51,"Away",Florida A&M,10,
09/09/06,Michigan,41,"Away",Central Michigan,17,
09/09/06,Michigan State,52,"Away",Eastern Michigan,20,
09/09/06,Missouri,34,"Away",Mississippi,7,
09/09/06,Navy,21,"Away",Massachusetts,20,
09/09/06,Nebraska,56,"Away",Nicholls State,7,
09/09/06,New Hampshire,34,"Home",Northwestern,17,
09/09/06,New Mexico,34,"Home",New Mexico State,28,
09/09/06,North Texas,24,"Away",Southern Methodist,6,
09/09/06,Notre Dame,41,"Away",Penn State,17,
09/09/06,Ohio,35,"Home",Northern Illinois,23,
09/09/06,Ohio State,24,"Home",Texas,7,
09/09/06,Oklahoma,37,"Away",Washington,20,
09/09/06,Oklahoma State,35,"Home",Arkansas State,7,Little Rock AR
09/09/06,Oregon,31,"Home",Fresno State,24,
09/09/06,Purdue,38,"Away",Miami (OH),31,
09/09/06,Rutgers,33,"Away",Illinois,0,
09/09/06,San Jose State,35,"Away",Stanford,34,
09/09/06,South Florida,21,"Away",Florida International,20,
09/09/06,Southern Mississippi,45,"Away",Southeastern Louisiana,0,
09/09/06,Tennessee,31,"Away",Air Force,30,
09/09/06,Texas A&M,51,"Away",Louisiana-Lafayette,7,
09/09/06,Texas Christian,46,"Away",California-Davis,13,
09/09/06,Texas Tech,38,"Home",Texas-El Paso,35,
09/09/06,UCLA,26,"Away",Rice,16,
09/09/06,Utah,45,"Away",Northern Arizona,7,
09/09/06,Virginia,13,"Away",Wyoming,12,
09/09/06,Virginia Tech,35,"Home",North Carolina,10,
09/09/06,Wake Forest,14,"Away",Duke,13,
09/09/06,Washington State,56,"Away",Idaho,10,
09/09/06,West Virginia,52,"Away",Eastern Washington,3,
09/09/06,Western Michigan,31,"Away",Toledo,10,
09/09/06,Wisconsin,34,"Away",Western Illinois,10,
09/14/06,Middle Tennessee State,44,"Away",Tennessee Tech,0,
09/14/06,West Virginia,45,"Away",Maryland,24,
09/15/06,Toledo,37,"Away",Kansas,31,
09/16/06,Alabama,41,"Away",Louisiana-Monroe,7,
09/16/06,Arizona,28,"Away",Stephen F. Austin,10,
09/16/06,Arizona St.,21,"Home",Colorado,3,
09/16/06,Arkansas,21,"Home",Vanderbilt,19,
09/16/06,Auburn,7,"Away",Louisiana State,3,
09/16/06,Boise State,17,"Home",Wyoming,10,
09/16/06,Boston College,30,"Away",Brigham Young,23,
09/16/06,Bowling Green State,33,"Home",Florida International,28,
09/16/06,California,42,"Away",Portland State,16,
09/16/06,Central Michigan,24,"Away",Akron,21,
09/16/06,Clemson,27,"Home",Florida State,20,
09/16/06,East Carolina,35,"Away",Memphis,20,
09/16/06,Florida,21,"Home",Tennessee,20,
09/16/06,Georgia,34,"Away",Alabama-Birmingham,0,
09/16/06,Georgia Tech,35,"Away",Troy,20,
09/16/06,Hawaii,42,"Away",Nevada-Las Vegas,13,
09/16/06,Houston,42,"Away",Grambling State,22,
09/16/06,Idaho,27,"Away",Idaho State,24,
09/16/06,Iowa,27,"Away",Iowa State,17,
09/16/06,Kansas State,23,"Away",Marshall,7,
09/16/06,Kent State,16,"Home",Miami (OH),14,
09/16/06,Kentucky,31,"Away",Mississippi,14,
09/16/06,Louisiana Tech,31,"Away",Nicholls State,21,
09/16/06,Louisville,31,"Away",Miami (FL),7,
09/16/06,Michigan,47,"Home",Notre Dame,21,
09/16/06,Michigan State,38,"Home",Pittsburgh,23,
09/16/06,Minnesota,62,"Away",Temple,0,
09/16/06,Missouri,27,"Home",New Mexico,17,
09/16/06,Navy,37,"Home",Stanford,9,
09/16/06,Nevada,28,"Away",Colorado State,10,
09/16/06,New Mexico State,48,"Away",Texas Southern,14,
09/16/06,North Carolina,45,"Away",Furman,42,
09/16/06,Northern Illinois,31,"Away",Buffalo,13,
09/16/06,Northwestern,14,"Away",Eastern Michigan,6,
09/16/06,Ohio State,37,"Away",Cincinnati,7,
09/16/06,Oklahoma State,48,"Away",Florida Atlantic,8,
09/16/06,Oregon,34,"Away",Oklahoma,33,
09/16/06,Penn State,37,"Away",Youngstown State,3,
09/16/06,Purdue,38,"Away",Ball State,28,
09/16/06,Rutgers,24,"Away",Ohio,7,
09/16/06,South Carolina,27,"Away",Wofford,20,
09/16/06,South Florida,24,"Home",Central Florida,17,
09/16/06,Southern California,28,"Away",Nebraska,10,
09/16/06,Southern Illinois,35,"Home",Indiana,28,
09/16/06,Southern Methodist,45,"Away",Sam Houston State,14,
09/16/06,Southern Mississippi,37,"Away",North Carolina State,17,
09/16/06,Syracuse,31,"Home",Illinois,21,
09/16/06,Texas,52,"Home",Rice,7,Houston TX
09/16/06,Texas A&M,28,"Away",Army,24,San Antonio TX
09/16/06,Texas Christian,12,"Away",Texas Tech,3,
09/16/06,Tulane,32,"Home",Mississippi State,29,
09/16/06,Tulsa,28,"Away",North Texas,3,
09/16/06,Utah,48,"Home",Utah State,0,
09/16/06,Virginia Tech,36,"Away",Duke,0,
09/16/06,Wake Forest,24,"Home",Connecticut,13,
09/16/06,Washington,21,"Away",Fresno State,20,
09/16/06,Washington State,17,"Away",Baylor,15,Seattle WA
09/16/06,Western Michigan,17,"Home",Virginia,10,
09/16/06,Wisconsin,14,"Away",San Diego State,0,
09/21/06,Georgia Tech,24,"Away",Virginia,7,
09/22/06,Nevada,31,"Away",Northwestern,21,
09/23/06,Air Force,31,"Home",Wyoming,24,
09/23/06,Akron,33,"Away",North Texas,13,
09/23/06,Arkansas,24,"Away",Alabama,23,
09/23/06,Army,27,"Home",Baylor,20,
09/23/06,Auburn,38,"Away",Buffalo,7,
09/23/06,Boise State,41,"Away",Hawaii,34,
09/23/06,Brigham Young,38,"Away",Utah State,0,
09/23/06,California,49,"Away",Arizona St.,21,
09/23/06,Central Michigan,24,"Home",Eastern Michigan,17,
09/23/06,Clemson,52,"Away",North Carolina,7,
09/23/06,Connecticut,14,"Home",Indiana,7,
09/23/06,Florida,26,"Away",Kentucky,7,
09/23/06,Florida State,55,"Away",Rice,7,
09/23/06,Georgia,14,"Away",Colorado,13,
09/23/06,Houston,34,"Away",Oklahoma State,25,
09/23/06,Iowa,24,"Home",Illinois,7,
09/23/06,Kansas,13,"Away",South Florida,7,
09/23/06,Kent State,38,"Home",Bowling Green State,3,
09/23/06,Louisiana State,49,"Away",Tulane,7,
09/23/06,Louisiana-Lafayette,48,"Away",North Carolina A&T,7,
09/23/06,Louisville,24,"Home",Kansas State,6,
09/23/06,Maryland,14,"Away",Florida International,10,
09/23/06,Michigan,27,"Away",Wisconsin,13,
09/23/06,Mississippi State,16,"Home",Alabama-Birmingham,10,
09/23/06,Missouri,31,"Away",Ohio,6,
09/23/06,Nebraska,56,"Away",Troy,0,
09/23/06,New Mexico,26,"Away",Texas-El Paso,13,
09/23/06,North Carolina State,17,"Away",Boston College,15,
09/23/06,North Dakota State,29,"Home",Ball State,24,
09/23/06,Northern Illinois,48,"Away",Indiana State,14,
09/23/06,Notre Dame,40,"Home",Michigan State,37,
09/23/06,Ohio State,28,"Away",Penn State,6,
09/23/06,Oklahoma,59,"Away",Middle Tennessee State,0,
09/23/06,Oregon State,38,"Away",Idaho,0,
09/23/06,Pittsburgh,51,"Away",Citadel,6,
09/23/06,Purdue,27,"Away",Minnesota,21,
09/23/06,Rutgers,56,"Away",Howard,7,
09/23/06,San Jose State,17,"Away",Cal Poly,7,
09/23/06,South Carolina,45,"Away",Florida Atlantic,6,
09/23/06,Southern California,20,"Home",Arizona,3,
09/23/06,Southern Methodist,55,"Away",Arkansas State,9,
09/23/06,Syracuse,34,"Away",Miami (OH),14,
09/23/06,Tennessee,33,"Away",Marshall,7,
09/23/06,Texas,37,"Away",Iowa State,14,
09/23/06,Texas A&M,45,"Away",Louisiana Tech,14,
09/23/06,Texas Tech,62,"Away",Southeastern Louisiana,0,
09/23/06,Toledo,41,"Away",McNeese State,7,
09/23/06,Tulsa,24,"Home",Navy,23,
09/23/06,Utah,38,"Home",San Diego State,7,
09/23/06,Vanderbilt,38,"Away",Tennessee State,9,
09/23/06,Virginia Tech,29,"Away",Cincinnati,13,
09/23/06,Wake Forest,27,"Home",Mississippi,3,
09/23/06,Washington,29,"Away",UCLA,19,
09/23/06,Washington State,36,"Home",Stanford,10,
09/23/06,West Virginia,27,"Home",East Carolina,10,
09/23/06,Western Michigan,41,"Away",Temple,7,
09/26/06,Southern Mississippi,19,"Home",Central Florida,14,
09/28/06,Auburn,24,"Home",South Carolina,17,
09/28/06,Brigham Young,31,"Home",Texas Christian,17,
09/29/06,Rutgers,22,"Home",South Florida,20,
09/30/06,Air Force,24,"Away",New Mexico,7,
09/30/06,Alabama-Birmingham,21,"Away",Troy,3,
09/30/06,Arkansas State,31,"Home",Florida International,6,
09/30/06,Baylor,17,"Away",Kansas State,3,
09/30/06,Boise State,36,"Home",Utah,3,
09/30/06,Boston College,22,"Away",Maine,0,
09/30/06,Bowling Green State,21,"Home",Ohio,9,
09/30/06,California,41,"Home",Oregon State,13,
09/30/06,Cincinnati,24,"Away",Miami (OH),10,
09/30/06,Clemson,51,"Away",Louisiana Tech,0,
09/30/06,Colorado State,35,"Home",Fresno State,23,
09/30/06,Florida,28,"Away",Alabama,13,
09/30/06,Florida Atlantic,21,"Home",Louisiana-Monroe,19,
09/30/06,Georgia,14,"Home",Mississippi,9,
09/30/06,Georgia Tech,38,"Home",Virginia Tech,27,
09/30/06,Hawaii,44,"Away",Eastern Illinois,9,
09/30/06,Idaho,41,"Home",Utah State,21,
09/30/06,Illinois,23,"Home",Michigan State,20,
09/30/06,Iowa State,28,"Away",Northern Iowa,27,
09/30/06,Kent State,37,"Away",Akron,15,
09/30/06,Kentucky,45,"Away",Central Michigan,36,
09/30/06,Louisiana State,48,"Away",Mississippi State,17,
09/30/06,Louisiana-Lafayette,33,"Away",Eastern Michigan,14,
09/30/06,Miami (FL),14,"Away",Houston,13,
09/30/06,Michigan,28,"Home",Minnesota,14,
09/30/06,Middle Tennessee State,35,"Home",North Texas,0,
09/30/06,Missouri,28,"Away",Colorado,13,
09/30/06,Navy,41,"Home",Connecticut,17,
09/30/06,Nebraska,39,"Away",Kansas,32,
09/30/06,Nevada,31,"Home",Nevada-Las Vegas,3,
09/30/06,Northern Illinois,40,"Home",Ball State,28,
09/30/06,Notre Dame,35,"Away",Purdue,21,
09/30/06,Ohio State,38,"Home",Iowa,17,
09/30/06,Oregon,48,"Home",Arizona St.,13,
09/30/06,Penn State,33,"Away",Northwestern,7,
09/30/06,Pittsburgh,45,"Away",Toledo,3,
09/30/06,Rice,48,"Home",Army,14,
09/30/06,San Jose State,31,"Away",San Diego State,10,
09/30/06,Southern California,28,"Home",Washington State,22,
09/30/06,Southern Methodist,33,"Home",Tulane,28,
09/30/06,Syracuse,40,"Away",Wyoming,34,
09/30/06,Tennessee,41,"Home",Memphis,7,
09/30/06,Texas,56,"Away",Sam Houston State,3,
09/30/06,Texas Tech,31,"Home",Texas A&M,27,
09/30/06,Texas-El Paso,44,"Away",New Mexico State,38,
09/30/06,UCLA,31,"Away",Stanford,0,
09/30/06,Vanderbilt,43,"Away",Temple,14,
09/30/06,Virginia,37,"Home",Duke,0,
09/30/06,Wake Forest,34,"Away",Liberty,14,
09/30/06,Washington,21,"Home",Arizona,10,
09/30/06,Wisconsin,52,"Home",Indiana,17,
10/03/06,Tulsa,20,"Away",Southern Mississippi,6,
10/04/06,Central Florida,23,"Home",Marshall,22,
10/05/06,North Carolina State,24,"Away",Florida State,20,
10/05/06,Utah,20,"Away",Texas Christian,7,
10/06/06,Louisville,44,"Home",Middle Tennessee State,17,Nashville TN
10/07/06,Alabama,30,"Away",Duke,14,
10/07/06,Alabama-Birmingham,35,"Away",Memphis,29,
10/07/06,Arkansas,27,"Home",Auburn,10,
10/07/06,Arkansas State,10,"Away",Louisiana-Monroe,6,
10/07/06,Army,62,"Away",Virginia Military Institute,7,
10/07/06,Ball State,55,"Home",Buffalo,25,
10/07/06,Baylor,34,"Home",Colorado,31,
10/07/06,Boise State,55,"Away",Louisiana Tech,14,
10/07/06,Brigham Young,47,"Away",San Diego State,17,
10/07/06,California,45,"Away",Oregon,24,
10/07/06,Central Michigan,42,"Home",Toledo,20,
10/07/06,Cincinnati,20,"Away",Akron,14,
10/07/06,Clemson,27,"Home",Wake Forest,17,
10/07/06,Colorado State,28,"Away",Nevada-Las Vegas,7,
10/07/06,East Carolina,31,"Away",Virginia,21,
10/07/06,Florida,23,"Away",Louisiana State,10,
10/07/06,Georgia Tech,27,"Away",Maryland,23,
10/07/06,Hawaii,41,"Away",Nevada,34,
10/07/06,Idaho,28,"Away",New Mexico State,20,
10/07/06,Indiana,34,"Home",Illinois,32,
10/07/06,Iowa,47,"Away",Purdue,17,
10/07/06,Kansas State,31,"Away",Oklahoma State,27,
10/07/06,Kent State,28,"Home",Temple,17,
10/07/06,Louisiana-Lafayette,31,"Home",Houston,28,
10/07/06,Miami (FL),27,"Away",North Carolina,7,
10/07/06,Michigan,31,"Away",Michigan State,13,
10/07/06,Mississippi,17,"Away",Vanderbilt,10,
10/07/06,Missouri,38,"Home",Texas Tech,21,
10/07/06,Navy,24,"Home",Air Force,17,
10/07/06,Nebraska,28,"Home",Iowa State,14,
10/07/06,North Texas,25,"Away",Florida International,22,
10/07/06,Notre Dame,31,"Away",Stanford,10,
10/07/06,Ohio,27,"Away",Western Michigan,20,
10/07/06,Ohio State,35,"Away",Bowling Green State,7,
10/07/06,Penn State,28,"Home",Minnesota,27,
10/07/06,Pittsburgh,21,"Home",Syracuse,11,
10/07/06,South Carolina,24,"Home",Kentucky,17,
10/07/06,South Florida,38,"Away",Connecticut,16,
10/07/06,Southern California,26,"Away",Washington,20,
10/07/06,Tennessee,51,"Home",Georgia,33,
10/07/06,Texas,28,"Away",Oklahoma,10,Dallas TX
10/07/06,Texas A&M,21,"Home",Kansas,18,
10/07/06,Texas-El Paso,24,"Away",Southern Methodist,21,
10/07/06,Tulane,38,"Away",Rice,24,
10/07/06,UCLA,27,"Away",Arizona,7,
10/07/06,Utah State,13,"Away",Fresno State,12,
10/07/06,Washington State,13,"Home",Oregon State,6,
10/07/06,West Virginia,42,"Home",Mississippi State,14,
10/07/06,Wisconsin,41,"Away",Northwestern,9,
10/07/06,Wyoming,14,"Home",New Mexico,10,
10/08/06,Northern Illinois,28,"Home",Miami (OH),25,
10/12/06,Air Force,24,"Away",Colorado State,21,
10/12/06,Boston College,22,"Away",Virginia Tech,3,
10/12/06,Clemson,63,"Away",Temple,9,Charlotte NC
10/12/06,Florida Atlantic,32,"Away",Southern Utah,7,
10/13/06,Pittsburgh,52,"Home",Central Florida,7,
10/14/06,Alabama,26,"Away",Mississippi,23,
10/14/06,Arizona,20,"Home",Stanford,7,
10/14/06,Arkansas,63,"Away",Southeast Missouri State,7,
10/14/06,Arkansas State,26,"Home",Memphis,23,
10/14/06,Auburn,27,"Away",Florida,17,
10/14/06,Bowling Green State,24,"Away",Eastern Michigan,21,
10/14/06,California,21,"Home",Washington State,3,
10/14/06,Central Michigan,18,"Away",Ball State,7,
10/14/06,Colorado,30,"Away",Texas Tech,6,
10/14/06,Connecticut,21,"Away",Army,7,
10/14/06,Florida State,51,"Home",Duke,24,
10/14/06,Hawaii,68,"Home",Fresno State,37,
10/14/06,Idaho,24,"Home",Louisiana Tech,14,
10/14/06,Indiana,31,"Away",Iowa,28,
10/14/06,Kent State,40,"Away",Toledo,14,
10/14/06,Louisiana State,49,"Away",Kentucky,0,
10/14/06,Louisville,23,"Away",Cincinnati,17,
10/14/06,Maryland,28,"Home",Virginia,26,
10/14/06,Miami (FL),35,"Away",Florida International,0,
10/14/06,Michigan,17,"Home",Penn State,10,
10/14/06,Mississippi State,35,"Away",Jacksonville State,3,
10/14/06,Nebraska,21,"Home",Kansas State,3,
10/14/06,New Mexico,39,"Home",Nevada-Las Vegas,36,
10/14/06,Ohio,20,"Home",Illinois,17,
10/14/06,Ohio State,38,"Home",Michigan State,7,
10/14/06,Oklahoma,34,"Away",Iowa State,9,
10/14/06,Oklahoma State,42,"Home",Kansas,32,
10/14/06,Oregon,30,"Away",UCLA,20,
10/14/06,Oregon State,27,"Home",Washington,17,
10/14/06,Purdue,31,"Home",Northwestern,10,
10/14/06,Rice,34,"Away",Alabama-Birmingham,33,
10/14/06,Rutgers,34,"Home",Navy,0,
10/14/06,San Jose State,21,"Away",Utah State,14,
10/14/06,South Florida,37,"Home",North Carolina,20,
10/14/06,Southern California,28,"Away",Arizona St.,21,
10/14/06,Southern Methodist,31,"Away",Marshall,21,
10/14/06,Southern Mississippi,31,"Away",Houston,27,
10/14/06,Texas,63,"Away",Baylor,31,
10/14/06,Texas A&M,25,"Away",Missouri,19,
10/14/06,Texas-El Paso,34,"Away",Tulane,20,
10/14/06,Troy,24,"Away",Louisiana-Monroe,19,
10/14/06,Tulsa,31,"Home",East Carolina,10,
10/14/06,Vanderbilt,24,"Home",Georgia,22,
10/14/06,Wake Forest,25,"Home",North Carolina State,23,
10/14/06,West Virginia,41,"Away",Syracuse,17,
10/14/06,Western Michigan,16,"Away",Northern Illinois,14,
10/14/06,Wisconsin,48,"Away",Minnesota,12,
10/14/06,Wyoming,31,"Away",Utah,15,
10/15/06,Boise State,40,"Home",New Mexico State,28,
10/15/06,Miami (OH),38,"Home",Buffalo,31,
10/18/06,Louisiana-Lafayette,6,"Home",Florida Atlantic,0,
10/19/06,Central Michigan,31,"Away",Bowling Green State,14,
10/19/06,New Mexico,34,"Away",Utah,31,
10/19/06,Virginia,23,"Away",North Carolina,0,
10/20/06,West Virginia,37,"Home",Connecticut,11,
10/21/06,Akron,24,"Away",Miami (OH),13,
10/21/06,Arizona St.,38,"Away",Stanford,3,
10/21/06,Arkansas,38,"Away",Mississippi,3,
10/21/06,Arkansas State,29,"Away",North Texas,10,
10/21/06,Auburn,38,"Away",Tulane,13,
10/21/06,Baylor,36,"Away",Kansas,35,
10/21/06,Boise State,42,"Home",Idaho,26,
10/21/06,Boston College,24,"Home",Florida State,19,
10/21/06,Brigham Young,52,"Away",Nevada-Las Vegas,7,
10/21/06,California,31,"Away",Washington,24,
10/21/06,Clemson,31,"Away",Georgia Tech,7,
10/21/06,East Carolina,38,"Away",Southern Methodist,21,
10/21/06,Eastern Michigan,17,"Away",Toledo,13,
10/21/06,Georgia,27,"Away",Mississippi State,24,
10/21/06,Hawaii,49,"Home",New Mexico State,30,
10/21/06,Houston,34,"Away",Texas-El Paso,17,
10/21/06,Louisiana State,38,"Away",Fresno State,6,
10/21/06,Louisiana Tech,48,"Away",Utah State,35,
10/21/06,Louisville,28,"Home",Syracuse,13,
10/21/06,Marshall,31,"Home",Alabama-Birmingham,24,
10/21/06,Maryland,26,"Away",North Carolina State,20,
10/21/06,Miami (FL),20,"Home",Duke,15,
10/21/06,Michigan,20,"Away",Iowa,6,
10/21/06,Michigan State,41,"Home",Northwestern,38,
10/21/06,Middle Tennessee State,35,"Home",Louisiana-Monroe,21,
10/21/06,Minnesota,10,"Away",North Dakota State,9,
10/21/06,Missouri,41,"Away",Kansas State,21,
10/21/06,Nevada,23,"Away",San Jose State,7,
10/21/06,Northern Illinois,43,"Away",Temple,21,
10/21/06,Notre Dame,20,"Away",UCLA,17,
10/21/06,Ohio,42,"Away",Buffalo,7,
10/21/06,Ohio State,44,"Away",Indiana,3,
10/21/06,Oklahoma,24,"Away",Colorado,3,
10/21/06,Oregon State,17,"Home",Arizona,10,
10/21/06,Penn State,26,"Away",Illinois,12,
10/21/06,Rice,40,"Home",Central Florida,29,
10/21/06,Rutgers,20,"Home",Pittsburgh,10,
10/21/06,San Diego State,19,"Away",Air Force,12,
10/21/06,South Carolina,31,"Home",Vanderbilt,13,
10/21/06,Tennessee,16,"Away",Alabama,13,
10/21/06,Texas,22,"Home",Nebraska,20,
10/21/06,Texas A&M,34,"Home",Oklahoma State,33,
10/21/06,Texas Christian,31,"Home",Army,17,
10/21/06,Texas Tech,42,"Home",Iowa State,26,
10/21/06,Tulsa,35,"Home",Memphis,14,
10/21/06,Virginia Tech,36,"Away",Southern Mississippi,6,
10/21/06,Washington State,34,"Away",Oregon,23,
10/21/06,Western Michigan,41,"Home",Ball State,27,
10/21/06,Wisconsin,24,"Home",Purdue,3,
10/21/06,Wyoming,24,"Away",Colorado State,0,
10/22/06,Cincinnati,23,"Away",South Florida,6,
10/26/06,Virginia Tech,24,"Away",Clemson,7,
10/27/06,Tulsa,30,"Away",Texas-El Paso,20,
10/28/06,Alabama,38,"Away",Florida International,3,
10/28/06,Arizona St.,26,"Home",Washington,23,
10/28/06,Arkansas,44,"Away",Louisiana-Monroe,10,Little Rock AR
10/28/06,Auburn,23,"Home",Mississippi,17,
10/28/06,Ball State,20,"Home",Miami (OH),17,
10/28/06,Boston College,41,"Away",Buffalo,0,
10/28/06,Brigham Young,33,"Home",Air Force,14,
10/28/06,Cal Poly,16,"Home",San Diego State,14,
10/28/06,Cincinnati,17,"Away",Syracuse,3,
10/28/06,East Carolina,20,"Home",Southern Mississippi,17,
10/28/06,Florida,21,"Away",Georgia,14,Jacksonville FL
10/28/06,Florida Atlantic,29,"Away",Arkansas State,0,
10/28/06,Georgia Tech,30,"Away",Miami (FL),23,
10/28/06,Hawaii,68,"Away",Idaho,10,
10/28/06,Houston,51,"Away",Central Florida,31,
10/28/06,Indiana,46,"Away",Michigan State,21,
10/28/06,Iowa,24,"Away",Northern Illinois,14,
10/28/06,Kansas,20,"Away",Colorado,15,
10/28/06,Kansas State,31,"Away",Iowa State,10,
10/28/06,Kentucky,34,"Home",Mississippi State,31,
10/28/06,Marshall,41,"Away",Memphis,27,
10/28/06,Maryland,27,"Away",Florida State,24,
10/28/06,Michigan,17,"Away",Northwestern,3,
10/28/06,Middle Tennessee State,34,"Home",Louisiana-Lafayette,20,
10/28/06,Nevada,48,"Away",New Mexico State,21,
10/28/06,New Mexico,20,"Home",Colorado State,19,
10/28/06,Notre Dame,38,"Home",Navy,14,Baltimore MD
10/28/06,Ohio,17,"Home",Kent State,7,
10/28/06,Ohio State,44,"Away",Minnesota,0,
10/28/06,Oklahoma,26,"Home",Missouri,10,
10/28/06,Oklahoma State,41,"Away",Nebraska,29,
10/28/06,Oregon,55,"Away",Portland State,12,
10/28/06,Oregon State,33,"Away",Southern California,31,
10/28/06,Penn State,12,"Home",Purdue,0,
10/28/06,San Jose State,44,"Away",Louisiana Tech,10,
10/28/06,Temple,28,"Away",Bowling Green State,14,
10/28/06,Tennessee,31,"Home",South Carolina,24,
10/28/06,Texas,35,"Home",Texas Tech,31,
10/28/06,Texas A&M,31,"Home",Baylor,21,
10/28/06,Texas Christian,26,"Away",Wyoming,3,
10/28/06,Toledo,35,"Away",Akron,20,
10/28/06,Troy,14,"Away",North Texas,6,
10/28/06,Tulane,42,"Away",Army,28,
10/28/06,Utah,45,"Away",Nevada-Las Vegas,23,
10/28/06,Vanderbilt,45,"Home",Duke,28,
10/28/06,Virginia,14,"Away",North Carolina State,7,
10/28/06,Wake Forest,24,"Home",North Carolina,17,
10/28/06,Washington State,37,"Home",UCLA,15,
10/28/06,Western Michigan,18,"Away",Eastern Michigan,15,
10/28/06,Wisconsin,30,"Away",Illinois,24,
10/29/06,Rutgers,24,"Away",Connecticut,13,
10/31/06,Southern Methodist,22,"Away",Alabama-Birmingham,9,
11/01/06,Boise State,45,"Away",Fresno State,21,
11/02/06,Louisville,44,"Away",West Virginia,34,
11/03/06,Air Force,43,"Home",Army,7,
11/04/06,Akron,35,"Away",Bowling Green State,28,
11/04/06,Arizona,27,"Home",Washington State,17,
11/04/06,Arkansas,26,"Home",South Carolina,20,
11/04/06,Auburn,27,"Away",Arkansas State,0,
11/04/06,Brigham Young,24,"Home",Colorado State,3,
11/04/06,Buffalo,41,"Away",Kent State,14,
11/04/06,California,38,"Away",UCLA,24,
11/04/06,Central Michigan,42,"Home",Temple,26,
11/04/06,East Carolina,23,"Home",Central Florida,10,
11/04/06,Florida,25,"Home",Vanderbilt,19,
11/04/06,Florida State,33,"Away",Virginia,0,
11/04/06,Georgia Tech,31,"Home",North Carolina State,23,
11/04/06,Hawaii,63,"Home",Utah State,10,
11/04/06,Houston,27,"Away",Tulsa,10,
11/04/06,Kansas,41,"Home",Iowa State,10,
11/04/06,Kansas State,34,"Home",Colorado,21,
11/04/06,Kentucky,24,"Away",Georgia,20,
11/04/06,Louisiana State,28,"Home",Tennessee,24,
11/04/06,Louisiana Tech,34,"Home",North Texas,31,
11/04/06,Marshall,42,"Away",Tulane,21,
11/04/06,Maryland,13,"Home",Clemson,12,
11/04/06,Michigan,34,"Away",Ball State,26,
11/04/06,Middle Tennessee State,35,"Away",Florida Atlantic,14,
11/04/06,Minnesota,63,"Away",Indiana,26,
11/04/06,Mississippi,27,"Away",Northwestern State,7,
11/04/06,Mississippi State,24,"Home",Alabama,16,
11/04/06,Navy,38,"Home",Duke,13,
11/04/06,Nebraska,34,"Away",Missouri,20,
11/04/06,Nevada,45,"Home",Idaho,7,
11/04/06,Northwestern,21,"Home",Iowa,7,
11/04/06,Notre Dame,45,"Away",North Carolina,26,
11/04/06,Ohio,16,"Home",Eastern Michigan,10,
11/04/06,Ohio State,17,"Home",Illinois,10,
11/04/06,Oklahoma,17,"Home",Texas A&M,16,
11/04/06,Oregon,34,"Away",Washington,14,
11/04/06,Oregon State,44,"Away",Arizona St.,10,
11/04/06,Purdue,17,"Home",Michigan State,15,
11/04/06,Rice,37,"Home",Texas-El Paso,31,
11/04/06,San Jose State,31,"Home",New Mexico State,21,
11/04/06,South Florida,22,"Away",Pittsburgh,12,
11/04/06,Southern California,42,"Home",Stanford,0,
11/04/06,Texas,36,"Away",Oklahoma State,10,
11/04/06,Texas Christian,25,"Home",Nevada-Las Vegas,10,
11/04/06,Texas Tech,55,"Away",Baylor,21,
11/04/06,Troy,42,"Away",Louisiana-Lafayette,28,
11/04/06,Virginia Tech,17,"Home",Miami (FL),10,
11/04/06,Wake Forest,21,"Away",Boston College,14,
11/04/06,Western Michigan,27,"Away",Miami (OH),24,
11/04/06,Wisconsin,13,"Away",Penn State,3,
11/04/06,Wyoming,27,"Away",San Diego State,24,
11/05/06,Southern Mississippi,42,"Home",Memphis,21,
11/07/06,Toledo,17,"Home",Northern Illinois,13,
11/09/06,Akron,31,"Away",Buffalo,16,
11/09/06,Brigham Young,55,"Away",Wyoming,7,
11/09/06,Rutgers,28,"Away",Louisville,25,
11/10/06,Central Michigan,31,"Away",Western Michigan,7,
11/10/06,Texas-El Paso,36,"Home",Alabama-Birmingham,17,
11/11/06,Arizona,24,"Away",California,20,
11/11/06,Arizona St.,47,"Away",Washington State,14,
11/11/06,Arkansas,31,"Away",Tennessee,14,
11/11/06,Boise State,23,"Home",San Jose State,20,
11/11/06,Boston College,28,"Away",Duke,7,
11/11/06,Central Florida,26,"Home",Memphis,24,
11/11/06,Clemson,20,"Away",North Carolina State,14,
11/11/06,Colorado,33,"Away",Iowa State,16,
11/11/06,Connecticut,46,"Away",Pittsburgh,45,
11/11/06,East Carolina,33,"Away",Marshall,20,
11/11/06,Florida,17,"Away",South Carolina,16,
11/11/06,Fresno State,23,"Away",New Mexico State,18,
11/11/06,Georgia,37,"Home",Auburn,15,
11/11/06,Georgia Tech,7,"Home",North Carolina,0,
11/11/06,Hawaii,61,"Away",Louisiana Tech,17,
11/11/06,Houston,37,"Home",Southern Methodist,27,
11/11/06,Kansas State,45,"Away",Texas,42,
11/11/06,Kentucky,38,"Away",Vanderbilt,26,
11/11/06,Louisiana State,28,"Away",Alabama,14,
11/11/06,Louisiana-Monroe,35,"Home",Florida International,0,
11/11/06,Maryland,14,"Away",Miami (FL),13,
11/11/06,Michigan,34,"Home",Indiana,3,
11/11/06,Middle Tennessee State,38,"Home",Arkansas State,10,
11/11/06,Minnesota,31,"Home",Michigan State,18,
11/11/06,Navy,49,"Home",Eastern Michigan,21,
11/11/06,Nebraska,28,"Home",Texas A&M,27,
11/11/06,Nevada,42,"Away",Utah State,0,
11/11/06,North Texas,16,"Home",Louisiana-Lafayette,7,
11/11/06,Notre Dame,39,"Home",Air Force,17,
11/11/06,Ohio State,54,"Home",Northwestern,10,
11/11/06,Oklahoma,34,"Away",Texas Tech,24,
11/11/06,Oklahoma State,66,"Away",Baylor,24,
11/11/06,Penn State,47,"Away",Temple,0,
11/11/06,Purdue,42,"Home",Illinois,31,
11/11/06,Rice,41,"Home",Tulsa,38,
11/11/06,San Diego State,21,"Away",Nevada-Las Vegas,7,
11/11/06,South Florida,27,"Away",Syracuse,10,
11/11/06,Southern California,35,"Away",Oregon,10,
11/11/06,Southern Mississippi,31,"Home",Tulane,3,
11/11/06,Stanford,20,"Home",Washington,3,
11/11/06,Texas Christian,27,"Home",New Mexico,21,
11/11/06,Troy,24,"Home",Florida Atlantic,17,
11/11/06,UCLA,25,"Away",Oregon State,7,
11/11/06,Utah,35,"Away",Colorado State,22,
11/11/06,Virginia Tech,23,"Away",Kent State,0,
11/11/06,Wake Forest,30,"Home",Florida State,0,
11/11/06,West Virginia,42,"Away",Cincinnati,24,
11/11/06,Wisconsin,24,"Home",Iowa,21,
11/14/06,Ball State,20,"Home",Toledo,17,
11/15/06,Miami (OH),9,"Home",Bowling Green State,7,
11/16/06,Ohio,17,"Away",Akron,7,
11/16/06,West Virginia,45,"Home",Pittsburgh,27,
11/17/06,Kent State,14,"Away",Eastern Michigan,6,
11/17/06,Northern Illinois,31,"Away",Central Michigan,10,
11/18/06,Arizona,37,"Home",Oregon,10,
11/18/06,Arkansas,28,"Home",Mississippi State,14,
11/18/06,Arkansas State,33,"Home",Troy,26,
11/18/06,Auburn,22,"Home",Alabama,15,
11/18/06,Boise State,49,"Away",Utah State,10,
11/18/06,Boston College,38,"Away",Maryland,16,
11/18/06,Brigham Young,42,"Away",New Mexico,17,
11/18/06,Cincinnati,30,"Away",Rutgers,11,
11/18/06,Florida,62,"Away",Western Carolina,0,
11/18/06,Florida Atlantic,17,"Home",North Texas,16,
11/18/06,Florida State,28,"Away",Western Michigan,20,
11/18/06,Fresno State,34,"Away",Idaho,0,
11/18/06,Georgia Tech,49,"Away",Duke,21,
11/18/06,Hawaii,54,"Away",San Jose State,17,
11/18/06,Houston,23,"Home",Memphis,20,
11/18/06,Iowa State,21,"Away",Missouri,16,
11/18/06,Kansas,39,"Away",Kansas State,20,
11/18/06,Kentucky,42,"Away",Louisiana-Monroe,40,
11/18/06,Louisiana State,23,"Away",Mississippi,20,
11/18/06,Louisiana-Lafayette,17,"Home",Florida International,7,
11/18/06,Louisville,31,"Away",South Florida,8,
11/18/06,Marshall,49,"Away",Texas-El Paso,21,
11/18/06,Minnesota,34,"Away",Iowa,24,
11/18/06,Navy,42,"Away",Temple,6,
11/18/06,Nevada,42,"Home",Louisiana Tech,0,
11/18/06,North Carolina,23,"Away",North Carolina State,9,
11/18/06,Northwestern,27,"Away",Illinois,16,
11/18/06,Notre Dame,41,"Away",Army,9,
11/18/06,Ohio State,42,"Away",Michigan,39,
11/18/06,Oklahoma,36,"Home",Baylor,10,
11/18/06,Oregon State,30,"Home",Stanford,7,
11/18/06,Penn State,17,"Away",Michigan State,13,
11/18/06,Purdue,28,"Away",Indiana,19,
11/18/06,Rice,18,"Away",East Carolina,17,
11/18/06,South Carolina,52,"Away",Middle Tennessee State,7,
11/18/06,Southern California,23,"Away",California,9,
11/18/06,Southern Methodist,34,"Away",Tulsa,24,
11/18/06,Southern Mississippi,25,"Away",Alabama-Birmingham,20,
11/18/06,Syracuse,20,"Away",Connecticut,14,
11/18/06,Tennessee,39,"Home",Vanderbilt,10,
11/18/06,Texas Christian,52,"Away",San Diego State,0,
11/18/06,Texas Tech,30,"Away",Oklahoma State,24,
11/18/06,Tulane,10,"Away",Central Florida,9,
11/18/06,UCLA,24,"Home",Arizona St.,12,
11/18/06,Utah,17,"Home",Air Force,14,
11/18/06,Virginia,17,"Away",Miami (FL),7,
11/18/06,Virginia Tech,27,"Home",Wake Forest,6,
11/18/06,Washington,35,"Home",Washington State,32,
11/18/06,Wisconsin,35,"Away",Buffalo,3,
11/18/06,Wyoming,34,"Home",Nevada-Las Vegas,26,
11/21/06,Toledo,31,"Away",Bowling Green State,21,
11/23/06,Miami Boston College,14,
11/24/06,Ball State,30,"Away",Kent State,6,
11/24/06,Central Michigan,55,"Home",Buffalo,28,
11/24/06,Fresno State,34,"Home",Louisiana Tech,27,
11/24/06,Louisiana State,31,"Home",Arkansas,26,Little Rock AR
11/24/06,Nebraska,37,"Away",Colorado,14,
11/24/06,Nevada-Las Vegas,42,"Away",Air Force,39,
11/24/06,Northern Illinois,27,"Home",Eastern Michigan,0,
11/24/06,Ohio,34,"Home",Miami (OH),24,
11/24/06,Oregon State,30,"Away",Oregon,28,
11/24/06,Texas A&M,12,"Home",Texas,7,
11/24/06,Tulsa,38,"Away",Tulane,3,
11/24/06,Western Michigan,17,"Home",Akron,0,
11/25/06,Arizona St.,28,"Home",Arizona,14,
11/25/06,Boise State,38,"Home",Nevada,7,
11/25/06,Brigham Young,33,"Home",Utah,31,
11/25/06,Central Florida,31,"Away",Alabama-Birmingham,22,
11/25/06,Cincinnati,26,"Home",Connecticut,23,
11/25/06,East Carolina,21,"Home",North Carolina State,16,
11/25/06,Florida,21,"Home",Florida State,14,
11/25/06,Florida Atlantic,31,"Away",Florida International,0,Miami FL
11/25/06,Georgia,15,"Away",Georgia Tech,12,
11/25/06,Hawaii,42,"Away",Purdue,35,
11/25/06,Louisiana-Lafayette,28,"Away",Arkansas State,13,
11/25/06,Louisiana-Monroe,23,"Away",North Texas,3,
11/25/06,Louisville,48,"Home",Pittsburgh,24,
11/25/06,Memphis,38,"Home",Texas-El Paso,19,
11/25/06,Mississippi,20,"Away",Mississippi State,17,
11/25/06,Missouri,42,"Away",Kansas,17,
11/25/06,New Mexico,41,"Away",San Diego State,14,
11/25/06,New Mexico State,42,"Home",Utah State,20,
11/25/06,North Carolina,45,"Home",Duke,44,
11/25/06,Oklahoma,27,"Home",Oklahoma State,21,
11/25/06,Rice,31,"Away",Southern Methodist,27,
11/25/06,Rutgers,38,"Away",Syracuse,7,
11/25/06,San Jose State,28,"Home",Idaho,13,
11/25/06,South Carolina,31,"Home",Clemson,28,
11/25/06,South Florida,24,"Home",West Virginia,19,
11/25/06,Southern California,44,"Away",Notre Dame,24,
11/25/06,Southern Mississippi,42,"Away",Marshall,7,
11/25/06,Tennessee,17,"Away",Kentucky,12,
11/25/06,Texas Christian,45,"Home",Colorado State,14,
11/25/06,Troy,21,"Home",Middle Tennessee State,20,
11/25/06,Virginia Tech,17,"Away",Virginia,0,
11/25/06,Wake Forest,38,"Home",Maryland,24,
11/30/06,Central Michigan,31,"Away",Ohio,10,MAC Championship (Detroit MI)
12/01/06,Houston,34,"Away",Southern Mississippi,20,CUSA Championship
12/02/06,California,26,"Away",Stanford,17,
12/02/06,Florida,38,"Away",Arkansas,28,SEC Championship (Atlanta GA)
12/02/06,Louisiana-Monroe,39,"Home",Louisiana-Lafayette,20,
12/02/06,Louisville,48,"Away",Connecticut,17,
12/02/06,Navy,26,"Away",Army,14,Philadelphia PA
12/02/06,New Mexico State,50,"Away",Louisiana Tech,23,
12/02/06,Oklahoma,21,"Away",Nebraska,7,Big 12 Championship (Kansas City MO)
12/02/06,Oregon State,35,"Home",Hawaii,32,
12/02/06,San Diego State,17,"Away",Colorado State,6,
12/02/06,San Jose State,24,"Away",Fresno State,14,
12/02/06,Texas Christian,38,"Away",Air Force,14,
12/02/06,Troy,26,"Home",Florida International,13,
12/02/06,UCLA,13,"Away",Southern California,9,
12/02/06,Wake Forest,9,"Away",Georgia Tech,6,ACC Championship (Jacksonville FL)
12/02/06,West Virginia,41,"Away",Rutgers,39,
12/19/06,Texas Christian,37,"Away",Northern Illinois,7,Poinsettia Bowl (San Diego CA)
12/21/06,Brigham Young,38,"Away",Oregon,8,Las Vegas Bowl (Las Vegas NV)
12/22/06,Troy,41,"Away",Rice,17,New Orleans Bowl (New Orleans LA)
12/23/06,San Jose State,20,"Home",New Mexico,12,New Mexico Bowl (Albuquerque NM)
12/23/06,South Florida,24,"Away",East Carolina,7,PapaJohns.com Bowl (Birmingham AL)
12/23/06,Utah,25,"Away",Tulsa,13,Armed Forces Bowl (Fort Worth TX)
12/24/06,Hawaii,41,"Away",Arizona St.,24,Hawaii Bowl (Honolulu HI)
12/26/06,Central Michigan,31,"Away",Middle Tennessee State,14,Motor City Bowl (Detroit MI)
12/27/06,Florida State,44,"Away",UCLA,27,Emerald Bowl (San Francisco CA)
12/28/06,California,45,"Away",Texas A&M,10,Holiday Bowl (San Diego CA)
12/28/06,Oklahoma State,34,"Away",Alabama,31,Independence Bowl (Shreveport LA)
12/28/06,Rutgers,37,"Away",Kansas State,10,Texas Bowl (Houston TX)
12/29/06,Kentucky,28,"Away",Clemson,20,Music City Bowl (Nashville TN)
12/29/06,Maryland,24,"Away",Purdue,7,Champs Sports Bowl (Orlando FL)
12/29/06,Oregon State,39,"Away",Missouri,38,Sun Bowl (El Paso TX)
12/29/06,South Carolina,44,"Away",Houston,36,Liberty Bowl (Memphis TN)
12/29/06,Texas Tech,44,"Away",Minnesota,41,Insight Bowl (Tempe AZ)
12/30/06,Boston College,25,"Away",Navy,24,Meineke Car Care Bowl (Charlotte NC)
12/30/06,Georgia,31,"Away",Virginia Tech,24,Chick-Fil-A Bowl (Atlanta GA)
12/30/06,Texas,26,"Away",Iowa,24,Alamo Bowl (San Antonio TX)
12/31/06,Miami (FL),21,"Away",Nevada,20,MPC Computers Bowl (Boise ID)
01/01/07,Auburn,17,"Away",Nebraska,14,Cotton Bowl (Dallas TX)
01/01/07,Boise State,43,"Away",Oklahoma,42,Fiesta Bowl (Glendale AZ)
01/01/07,Penn State,20,"Away",Tennessee,10,Outback Bowl (Tampa FL)
01/01/07,Southern California,32,"Away",Michigan,18,Rose Bowl (Pasadena CA)
01/01/07,West Virginia,38,"Away",Georgia Tech,35,Gator Bowl (Jacksonville FL)
01/01/07,Wisconsin,17,"Away",Arkansas,14,Capital One Bowl (Orlando FL)
01/02/07,Louisville,24,"Away",Wake Forest,13,Orange Bowl (Miami FL)
01/03/07,Louisiana State,41,"Away",Notre Dame,14,Sugar Bowl (New Orleans LA)
01/06/07,Cincinnati,27,"Away",Western Michigan,24,International Bowl (Toronto Canada)
01/07/07,Southern Mississippi,28,"Away",Ohio,7,GMAC Bowl (Mobile AL)
01/08/07,Florida,41,"Away",Ohio State,14,BCS Championship (Glendale AZ)
